public_path,sha256,bytes,step5_identity,original_sha256,scope
CITATION.cff,75d182d4576897d85e0080f5150701d096760d8d5d1b1487054fe78ad26d720e,481,RELEASE_DOCUMENTATION,,Release documentation
FILE_MANIFEST.json,dec3383f2fb8d86189b59b4b45543da88d0e4a4506e0d43b947c8c5990de0f0d,10131,RELEASE_DOCUMENTATION,,Release documentation
LICENSE,0111252714130eb1973815f0ee75e70aabf17653a6a0dafa115ebe228a51055d,19354,RELEASE_DOCUMENTATION,,Release documentation
README.md,77980df41dac9e4d2deb13b45753832745909f576982d836a1620a5ffbd3e567,7900,RELEASE_DOCUMENTATION,,Release documentation
SHA256SUMS.json,99bd061487013ec1bcb9855802517b219e0c3b62135a21d2522d3020f7cda4c1,4065,RELEASE_DOCUMENTATION,,Release documentation
configuration/environment_freeze.txt,8242f718d42ddf635502c85d8b80be6195d32f2a9011ae4d0732f4ace8550324,2184,BYTE_IDENTICAL,8242f718d42ddf635502c85d8b80be6195d32f2a9011ae4d0732f4ace8550324,Frozen Step5 payload
configuration/peg/seed_1/resolved_config_frozen.json,c6d15413e4af524d79c7e9d817adc9dba642f2b197eb6fa9bda8e1e803689869,1807,SANITIZED_COPY,6a336ae0e3f912fad688f70ced19abb56390e56ca85cd4d59fe19ebb6667a99d,Frozen Step5 payload
configuration/peg/seed_2/resolved_config_frozen.json,9eca42c398f66699b1637e8f7d26dc30bc5c93eee309e526cd0180e35abaeafe,1807,SANITIZED_COPY,9675f01f05bd5b51ce461c39f96ec0a2dfed390a5f6157ed783a57df0d3dad2e,Frozen Step5 payload
configuration/peg/seed_3/resolved_config_frozen.json,562874376e51a26bf899394c1abcf4a5659c4cf7cf8c865b29178f8c071fa4b1,1807,SANITIZED_COPY,fd527cf00042e7499ba0218255beb93b002bcbf6b9f72573685d2da05b780eb8,Frozen Step5 payload
configuration/stackcube/seed_1/resolved_config.json,6f60f1327144e8edecbb569cabe0d66dc31b06c2496ea22494a84c8506361324,2048,SANITIZED_COPY,5271507d1e9301f1fc3010af2c49f0fff99d4ec6c7959e9776e1235f3197b822,Frozen Step5 payload
configuration/stackcube/seed_2/resolved_config.json,9116c0a1df0dfe4eaccc779e371891db6a87178ed7d3cea0116618ae25286995,2048,SANITIZED_COPY,3c9528af3cbc6d8cafa39ab53aa98efd5b95207c4caed243f2b66388df52505d,Frozen Step5 payload
configuration/stackcube/seed_3/resolved_config.json,700c1dea7377f5b26bb11e399714d5a0725a6c749a4786ac29ca42dbbd379e06,2048,SANITIZED_COPY,54a8f7271861ff2a1341606f9307a74d6a93a6d029522ed9581fa92330c2f02e,Frozen Step5 payload
data/AUTHORITY.csv,09bd4105da83c6b6ae5ce802e2372abb57dd4d8d785b34f053363f88ebb3379f,13209,BYTE_IDENTICAL,09bd4105da83c6b6ae5ce802e2372abb57dd4d8d785b34f053363f88ebb3379f,Frozen Step5 payload
data/PEG_A.csv,30b087f1b6f7d09a10ff31689a7e1c693d23fa60b8b834245e4dcdc87f9a955a,3118,BYTE_IDENTICAL,30b087f1b6f7d09a10ff31689a7e1c693d23fa60b8b834245e4dcdc87f9a955a,Frozen Step5 payload
data/PEG_DEV.csv,6037685725041b424a7cc28c9b627ea4da763d714fd848d0843b7c99a0cd164b,3820,BYTE_IDENTICAL,6037685725041b424a7cc28c9b627ea4da763d714fd848d0843b7c99a0cd164b,Frozen Step5 payload
data/PEG_MATURE200.csv,64ee24593e6197e4b3b04aa23369266793e28682b7c65764f3ee51f8991c5c54,2618,SANITIZED_COPY,fd4db76c0573f5185326fc8e61b5675a553b552d5e426e3a3850a7b4ca1b584f,Frozen Step5 payload
data/R1B_MULTISEED_PAIRWISE.csv,04b3ab698bc34638a0edbbeb402fe3d05610cdf14e04b6418ad27f40d8577b01,2193,BYTE_IDENTICAL,04b3ab698bc34638a0edbbeb402fe3d05610cdf14e04b6418ad27f40d8577b01,Frozen Step5 payload
data/STACK_LONG.csv,e6dbae25e8fdbb5b7d902540fe73098be6b261c20f702f968316641c94b3bfc7,2995,BYTE_IDENTICAL,e6dbae25e8fdbb5b7d902540fe73098be6b261c20f702f968316641c94b3bfc7,Frozen Step5 payload
figure_data/figure2_data_location.json,3172c05e3837ee752fbbbf474c33904641ef0b83a2a61606efa19c56ddf66842,291,RELEASE_DOCUMENTATION,,Release documentation
figure_data/figure3_residual_authority_data.csv,574c042d661e0f0f95139e45d2c7e512f9d149b7fa6765c0ad9278ca8280b1ce,3194,BYTE_IDENTICAL,574c042d661e0f0f95139e45d2c7e512f9d149b7fa6765c0ad9278ca8280b1ce,Frozen Step5 payload
figure_data/figure4_data_location.json,f5bdd317cc7b7c82a1e3830b3e24b9a14c4ec42f7c207e89993fb8a42d3c05da,296,RELEASE_DOCUMENTATION,,Release documentation
final_blind/EVALUATION_BINDING.json,0bb5b8bc389fd17256a65ecab42f4a5be5b1ef9d89d7d378c0c772be5cc0e118,47181,BYTE_IDENTICAL,0bb5b8bc389fd17256a65ecab42f4a5be5b1ef9d89d7d378c0c772be5cc0e118,Frozen Step5 payload
final_blind/FINAL_BLIND_PEG_DP_NOISE_MAP_V1.csv,469c13861733c5b3e591db92c29f4704b919784a21483bec2a59459e19ddbb4d,2789,BYTE_IDENTICAL,469c13861733c5b3e591db92c29f4704b919784a21483bec2a59459e19ddbb4d,Frozen Step5 payload
final_blind/FROZEN_CONFIG.json,fd0092417f4ee6139e0fc9d3c22248e2e25f282cb3ce67cedca191388153ac42,33832,SANITIZED_COPY,105adf0b04d9f3de37d636290a5b9d02037aa03cbc83b30771d04a4bab4281fc,Frozen Step5 payload
final_blind/NOISE_MAP_PROVENANCE.json,194ff0ab01de39a531528b6924db9ab515fec9297be2ae765c2487a62233a744,1578,SANITIZED_COPY,78db7be5f07d01d83ec943bf93b3b58752d177c63ca4a4f17cdf17250650b05e,Frozen Step5 payload
final_blind/PEG_SEAL_METADATA_EXTRACT.json,a787118b118f0585fc29ba8daaa6d878f664cc297a0cec1bd382ffb4c94c6f4c,6319,SANITIZED_COPY,5167aeed06820dca57e7cb03b23bd633333d260218efee962a863529338d15f0,Frozen Step5 payload
final_blind/PRIMARY_CLASSIFICATION.json,a4ae4f50f165163a44fd5df1d5f1a56a938b92ae5db78c0f11973473a297c8c3,720,BYTE_IDENTICAL,a4ae4f50f165163a44fd5df1d5f1a56a938b92ae5db78c0f11973473a297c8c3,Frozen Step5 payload
final_blind/manifest.json,12ead6d7332f0696006311d177a82cba2195232120464365e07cb42d0be9bcfe,299389,SANITIZED_COPY,84c32570a25d4fa3074e7249be1a3bf3b1b5441fdb8f1ae100833c704db1f0bc,Frozen Step5 payload
final_blind/paired_statistics.csv,b1a7223114b1a30c310890e662144cd906348580a8323480bfa9f47e8ce39675,1210,BYTE_IDENTICAL,b1a7223114b1a30c310890e662144cd906348580a8323480bfa9f47e8ce39675,Frozen Step5 payload
final_blind/summary.json,d21a1df7e8a97eff447ce9f19a3cc144af331ae394d615006712b2f2e356da18,2905,BYTE_IDENTICAL,d21a1df7e8a97eff447ce9f19a3cc144af331ae394d615006712b2f2e356da18,Frozen Step5 payload
secondary/R2_payload.csv,ea0f8e402f2dc79ae16d57044a78e59074aeb31137d2dd9fb0bb5851004707e1,1435,BYTE_IDENTICAL,ea0f8e402f2dc79ae16d57044a78e59074aeb31137d2dd9fb0bb5851004707e1,Frozen Step5 payload
secondary/R4B_CONTRASTS_payload.csv,fafe00a4cef9bd2acb99acc27898060060ae965b58ff82eacbcc79aaa6bebad9,658,BYTE_IDENTICAL,fafe00a4cef9bd2acb99acc27898060060ae965b58ff82eacbcc79aaa6bebad9,Frozen Step5 payload
secondary/R4B_payload.csv,2f3d0fb886f66ab49461d053901a33678eaf7f514fb4da3ba6b077187516d473,1009,BYTE_IDENTICAL,2f3d0fb886f66ab49461d053901a33678eaf7f514fb4da3ba6b077187516d473,Frozen Step5 payload
secondary/R5_payload.csv,82c13061674490605ac7a72b8d8af33099d1b5fc24a2d1b2ca39b4235829a5f1,3451,BYTE_IDENTICAL,82c13061674490605ac7a72b8d8af33099d1b5fc24a2d1b2ca39b4235829a5f1,Frozen Step5 payload
secondary/R6A_payload.csv,1a79293da94d0dba8a5069cd7cddad236ec0b59bc5fb0e7e8dd2729e2ce2b1d4,1020,BYTE_IDENTICAL,1a79293da94d0dba8a5069cd7cddad236ec0b59bc5fb0e7e8dd2729e2ce2b1d4,Frozen Step5 payload
secondary/R6B_payload.csv,e0a71297afd7fa1a0d8c77bcc50e18415525f431975d9480819917fefda46a2e,1299,BYTE_IDENTICAL,e0a71297afd7fa1a0d8c77bcc50e18415525f431975d9480819917fefda46a2e,Frozen Step5 payload
secondary/R7_payload.csv,7ab085232d5f348500789ef175c59ef03e2147f2c3dbc772046eeda031b00c9e,3875,BYTE_IDENTICAL,7ab085232d5f348500789ef175c59ef03e2147f2c3dbc772046eeda031b00c9e,Frozen Step5 payload
secondary/R9_C_payload.csv,7ce1accc89c5d477080bba1585d8be5e1d512d8b7a142624255446866b9e23bf,678,BYTE_IDENTICAL,7ce1accc89c5d477080bba1585d8be5e1d512d8b7a142624255446866b9e23bf,Frozen Step5 payload
statistics/bootstrap_cluster_identity.json,bd23e80df8ee309f917b72f7a18d9f12049ddbcfe2aa15396a8e05fa48c23315,6472,BYTE_IDENTICAL,bd23e80df8ee309f917b72f7a18d9f12049ddbcfe2aa15396a8e05fa48c23315,Frozen Step5 payload
statistics/bootstrap_cluster_indices.npy,e7c27b84375688b0852f2932e01a6278668e93d7b50ef83afc7369c251d6fa7d,2560128,BYTE_IDENTICAL,e7c27b84375688b0852f2932e01a6278668e93d7b50ef83afc7369c251d6fa7d,Frozen Step5 payload
statistics/statistics_config.json,9fe7ab689d90ea58ae916000c9b383021ffb705327bdf41f8bd439937c7dba33,1767,BYTE_IDENTICAL,9fe7ab689d90ea58ae916000c9b383021ffb705327bdf41f8bd439937c7dba33,Frozen Step5 payload
