method,seed,blocks,successes,episodes,success_rate,difference_vs_base_pp,below_base_pp,controls,decisions,success_controls_mean,failures,evaluation_seconds
PolicyDecorator,1,50048,0,64,0.0,-67.1875,67.1875,12800,3200,,64,379.57749532099115
PolicyDecorator,1,100032,0,64,0.0,-67.1875,67.1875,12800,3200,,64,397.3503111720056
PolicyDecorator,1,200000,0,64,0.0,-67.1875,67.1875,12800,3200,,64,417.5938409619994
PolicyDecorator,1,350016,0,64,0.0,-67.1875,67.1875,12800,3200,,64,435.11323791899486
PolicyDecorator,1,500032,0,64,0.0,-67.1875,67.1875,12800,3200,,64,440.55729076800344
PolicyDecorator,2,50048,0,64,0.0,-67.1875,67.1875,12800,3200,,64,414.31595081300475
PolicyDecorator,2,100032,0,64,0.0,-67.1875,67.1875,12800,3200,,64,383.32265901600476
PolicyDecorator,2,200000,0,64,0.0,-67.1875,67.1875,12800,3200,,64,405.80046179000055
PolicyDecorator,2,350016,0,64,0.0,-67.1875,67.1875,12800,3200,,64,439.3986889509979
PolicyDecorator,2,500032,0,64,0.0,-67.1875,67.1875,12800,3200,,64,428.82055529799254
PolicyDecorator,3,50048,0,64,0.0,-67.1875,67.1875,12800,3200,,64,398.9111471600045
PolicyDecorator,3,100032,0,64,0.0,-67.1875,67.1875,12800,3200,,64,398.2861959800066
PolicyDecorator,3,200000,0,64,0.0,-67.1875,67.1875,12800,3200,,64,409.609482305008
PolicyDecorator,3,350016,0,64,0.0,-67.1875,67.1875,12800,3200,,64,435.1577478590043
PolicyDecorator,3,500032,0,64,0.0,-67.1875,67.1875,12800,3200,,64,443.5872921990085
