index,seed
0,467922762
1,1718673973
2,534883512
3,940874537
4,780649459
5,856124735
6,1218078073
7,526935287
8,1843403689
9,1009129088
10,1507198568
11,1860576025
12,668261104
13,103230523
14,2097878662
15,917584273
16,1452310417
17,2079288407
18,2102379496
19,1799505942
20,1389109246
21,1150524065
22,1719930858
23,1115869883
24,452747654
25,633183298
26,787214509
27,1981965548
28,412808761
29,1075347123
30,397197968
31,1608138281
32,1378034044
33,1143141685
34,682554585
35,182673391
36,744082889
37,1508313268
38,552796936
39,908098353
40,636929088
41,1699242169
42,329933455
43,979372858
44,1339948250
45,632129136
46,830214506
47,2075933096
48,2105159333
49,1163285106
50,1105853029
51,178179034
52,572973718
53,1565896397
54,934332875
55,1882569677
56,997423759
57,370003363
58,836988874
59,314172850
60,1312993244
61,2141807206
62,876120690
63,892505489
64,1176147260
65,571174657
66,1268539751
67,189887754
68,626322585
69,818080529
70,2104019349
71,1705821110
72,124876090
73,1575715053
74,819838477
75,2003775690
76,1711576425
77,480029528
78,332035936
79,2147432136
80,771182316
81,1515510539
82,1698512659
83,1907129196
84,65428918
85,756703531
86,1997917433
87,1444127646
88,1785869327
89,1908256219
90,37386826
91,1988662506
92,1639392851
93,198278769
94,218709320
95,678223003
96,1843181263
97,1723273805
98,1673827309
99,1486462024
100,1560120526
101,1054238736
102,1318629534
103,122023978
104,1366439333
105,1739770321
106,78655900
107,222266426
108,68664526
109,1821405066
110,1910972112
111,26264129
112,4814460
113,860123749
114,324996122
115,472966242
116,187826709
117,2024421847
118,838600473
119,343497661
120,395130877
121,1874955643
122,607334012
123,144928614
124,1048049087
125,392941894
126,896315998
127,8392800
128,924728081
129,640158588
130,1702644861
131,188414034
132,113960170
133,2041234791
134,1837462229
135,646451061
136,539301231
137,1964769076
138,430283956
139,614441798
140,181056447
141,926866196
142,1338400300
143,1975650585
144,262490947
145,1663580380
146,1933253818
147,850462843
148,1330867703
149,349451920
150,70011952
151,608798382
152,897367962
153,432140207
154,557885677
155,15445807
156,277726515
157,2023422522
158,1042299151
159,1729941198
160,1186870408
161,2059183102
162,1846003023
163,1722181687
164,1244759881
165,1985267039
166,141698171
167,1880287210
168,221106479
169,1483100436
170,1994431805
171,1807468060
172,348994086
173,1736834833
174,1371620923
175,1772607981
176,1656417594
177,1366778009
178,252266463
179,119374718
180,116926763
181,511279419
182,905586580
183,1035904347
184,1090795442
185,1407073229
186,622975698
187,406177492
188,1626871714
189,650330286
190,1006896877
191,1577961888
192,1887388521
193,1731076838
194,1196399751
195,204725568
196,95950133
197,463866281
198,1594138157
199,1831237539
