seed,role,checkpoint,actual_step,authority_scale,PP,PF,FP,FF,Base_success,Base_fail,N,P_pres,P_resc,NetGain,DeltaSR,SR,P_pres_CI_low,P_pres_CI_high,P_resc_CI_low,P_resc_CI_high,SR_CI_low,SR_CI_high,discordant_pairs,exact_mcnemar_p,evidence
1,CONFIRMATORY,50000,50048,0.0,68,0,0,32,68,32,100,1.0,0.0,0,0.0,0.68,0.9471969572063602,1.0,0.0,0.1088811606793528,0.5792331383683775,0.769780083238423,0,1.0,SECONDARY_STATISTICAL_EVIDENCE
1,CONFIRMATORY,50000,50048,0.1,2,66,3,29,68,32,100,0.0294117647058823,0.09375,-63,-0.63,0.05,0.0035819614202713,0.1022410119281189,0.0197671801732848,0.2502269506837946,0.0164318791820521,0.1128349111054627,69,1.857035033560328e-16,SECONDARY_STATISTICAL_EVIDENCE
1,CONFIRMATORY,50000,50048,0.25,1,67,1,31,68,32,100,0.0147058823529411,0.03125,-66,-0.66,0.02,0.0003722514028986,0.079233989912788,0.0007908685979525,0.1621709941815115,0.0024313368239425,0.0703839324710701,68,4.675621868843738e-19,SECONDARY_STATISTICAL_EVIDENCE
1,CONFIRMATORY,50000,50048,0.5,1,67,0,32,68,32,100,0.0147058823529411,0.0,-67,-0.67,0.01,0.0003722514028986,0.079233989912788,0.0,0.1088811606793528,0.0002531460329774,0.0544593853920806,67,1.3552527156068804e-20,SECONDARY_STATISTICAL_EVIDENCE
1,CONFIRMATORY,50000,50048,0.75,1,67,0,32,68,32,100,0.0147058823529411,0.0,-67,-0.67,0.01,0.0003722514028986,0.079233989912788,0.0,0.1088811606793528,0.0002531460329774,0.0544593853920806,67,1.3552527156068804e-20,SECONDARY_STATISTICAL_EVIDENCE
1,CONFIRMATORY,50000,50048,1.0,0,68,0,32,68,32,100,0.0,0.0,-68,-0.68,0.0,0.0,0.0528030427936397,0.0,0.1088811606793528,0.0,0.0362166926451764,68,6.776263578034403e-21,SECONDARY_STATISTICAL_EVIDENCE
1,CONFIRMATORY,200000,200000,0.0,68,0,0,32,68,32,100,1.0,0.0,0,0.0,0.68,0.9471969572063602,1.0,0.0,0.1088811606793528,0.5792331383683775,0.769780083238423,0,1.0,SECONDARY_STATISTICAL_EVIDENCE
1,CONFIRMATORY,200000,200000,0.1,9,59,3,29,68,32,100,0.1323529411764706,0.09375,-56,-0.56,0.12,0.062348314063438,0.236435554309521,0.0197671801732848,0.2502269506837946,0.0635689025611593,0.2002356836199688,62,1.724922288337538e-14,SECONDARY_STATISTICAL_EVIDENCE
1,CONFIRMATORY,200000,200000,0.25,3,65,1,31,68,32,100,0.0441176470588235,0.03125,-64,-0.64,0.04,0.0091921952027873,0.1235626243317787,0.0007908685979525,0.1621709941815115,0.0110044939861881,0.0992571567126599,66,1.81603863891322e-18,SECONDARY_STATISTICAL_EVIDENCE
1,CONFIRMATORY,200000,200000,0.5,19,49,9,23,68,32,100,0.2794117647058823,0.28125,-40,-0.4,0.28,0.1773430583725358,0.4014586611137198,0.1374569032955017,0.4674710996429345,0.1947936274911814,0.3786670047172673,58,8.959402428981858e-08,SECONDARY_STATISTICAL_EVIDENCE
1,CONFIRMATORY,200000,200000,0.75,22,46,11,21,68,32,100,0.3235294117647059,0.34375,-35,-0.35,0.33,0.2150673847383854,0.4479252439251471,0.1857190917165661,0.5319310362802687,0.2391985346226018,0.4311727507775632,57,3.3118847623803123e-06,SECONDARY_STATISTICAL_EVIDENCE
1,CONFIRMATORY,200000,200000,1.0,19,49,7,25,68,32,100,0.2794117647058823,0.21875,-42,-0.42,0.26,0.1773430583725358,0.4014586611137198,0.0927715322847193,0.3997282637121075,0.1773944378676525,0.3573120631001036,56,7.455210310203242e-09,SECONDARY_STATISTICAL_EVIDENCE
1,CONFIRMATORY,500000,500032,0.0,68,0,0,32,68,32,100,1.0,0.0,0,0.0,0.68,0.9471969572063602,1.0,0.0,0.1088811606793528,0.5792331383683775,0.769780083238423,0,1.0,SECONDARY_STATISTICAL_EVIDENCE
1,CONFIRMATORY,500000,500032,0.1,24,44,7,25,68,32,100,0.3529411764705882,0.21875,-37,-0.37,0.31,0.2408384887266293,0.4783018576149584,0.0927715322847193,0.3997282637121075,0.2212887921306711,0.4103145541601992,51,1.2115257419509362e-07,SECONDARY_STATISTICAL_EVIDENCE
1,CONFIRMATORY,500000,500032,0.25,23,45,9,23,68,32,100,0.3382352941176471,0.28125,-36,-0.36,0.32,0.2278937792962414,0.4631710270545802,0.1374569032955017,0.4674710996429345,0.2302199167615769,0.4207668616316226,54,7.288430776686282e-07,SECONDARY_STATISTICAL_EVIDENCE
1,CONFIRMATORY,500000,500032,0.5,53,15,20,12,68,32,100,0.7794117647058824,0.625,5,0.05,0.73,0.6624044182395694,0.8709597356012813,0.4369224550969265,0.7889996835760071,0.6319837270910251,0.8139335777092593,35,0.4995598332025112,SECONDARY_STATISTICAL_EVIDENCE
1,CONFIRMATORY,500000,500032,0.75,65,3,29,3,68,32,100,0.9558823529411764,0.90625,26,0.26,0.94,0.8764373756682212,0.9908078047972126,0.7497730493162054,0.9802328198267152,0.8739700654191771,0.9776651139286836,32,2.5560148060321808e-06,SECONDARY_STATISTICAL_EVIDENCE
1,CONFIRMATORY,500000,500032,1.0,67,1,32,0,68,32,100,0.9852941176470588,1.0,31,0.31,0.99,0.920766010087212,0.9996277485971014,0.8911188393206471,1.0,0.9455406146079194,0.9997468539670226,33,7.916241884231567e-09,SECONDARY_STATISTICAL_EVIDENCE
2,DISCOVERY,50000,50048,0.0,68,0,0,32,68,32,100,1.0,0.0,0,0.0,0.68,0.9471969572063602,1.0,0.0,0.1088811606793528,0.5792331383683775,0.769780083238423,0,1.0,SECONDARY_STATISTICAL_EVIDENCE
2,DISCOVERY,50000,50048,0.1,4,64,1,31,68,32,100,0.0588235294117647,0.03125,-63,-0.63,0.05,0.0162581609893473,0.1438178254920014,0.0007908685979525,0.1621709941815115,0.0164318791820521,0.1128349111054627,65,3.5778671692021654e-18,SECONDARY_STATISTICAL_EVIDENCE
2,DISCOVERY,50000,50048,0.25,0,68,0,32,68,32,100,0.0,0.0,-68,-0.68,0.0,0.0,0.0528030427936397,0.0,0.1088811606793528,0.0,0.0362166926451764,68,6.776263578034403e-21,SECONDARY_STATISTICAL_EVIDENCE
2,DISCOVERY,50000,50048,0.5,0,68,0,32,68,32,100,0.0,0.0,-68,-0.68,0.0,0.0,0.0528030427936397,0.0,0.1088811606793528,0.0,0.0362166926451764,68,6.776263578034403e-21,SECONDARY_STATISTICAL_EVIDENCE
2,DISCOVERY,50000,50048,0.75,0,68,0,32,68,32,100,0.0,0.0,-68,-0.68,0.0,0.0,0.0528030427936397,0.0,0.1088811606793528,0.0,0.0362166926451764,68,6.776263578034403e-21,SECONDARY_STATISTICAL_EVIDENCE
2,DISCOVERY,50000,50048,1.0,0,68,0,32,68,32,100,0.0,0.0,-68,-0.68,0.0,0.0,0.0528030427936397,0.0,0.1088811606793528,0.0,0.0362166926451764,68,6.776263578034403e-21,SECONDARY_STATISTICAL_EVIDENCE
2,DISCOVERY,200000,200000,0.0,68,0,0,32,68,32,100,1.0,0.0,0,0.0,0.68,0.9471969572063602,1.0,0.0,0.1088811606793528,0.5792331383683775,0.769780083238423,0,1.0,SECONDARY_STATISTICAL_EVIDENCE
2,DISCOVERY,200000,200000,0.1,31,37,10,22,68,32,100,0.4558823529411764,0.3125,-27,-0.27,0.41,0.3345157029289514,0.5812149541040131,0.1611847240882005,0.5000775816321696,0.3126199765675708,0.5128557962332291,47,9.848878492846325e-05,SECONDARY_STATISTICAL_EVIDENCE
2,DISCOVERY,200000,200000,0.25,8,60,7,25,68,32,100,0.1176470588235294,0.21875,-53,-0.53,0.15,0.0521837446698808,0.2187171057077795,0.0927715322847193,0.3997282637121075,0.0864543856416485,0.2353075001489548,67,1.3280368233066496e-11,SECONDARY_STATISTICAL_EVIDENCE
2,DISCOVERY,200000,200000,0.5,26,42,7,25,68,32,100,0.3823529411764705,0.21875,-35,-0.35,0.33,0.2670688627399352,0.5082309045775364,0.0927715322847193,0.3997282637121075,0.2391985346226018,0.4311727507775632,49,3.6245783263666453e-07,SECONDARY_STATISTICAL_EVIDENCE
2,DISCOVERY,200000,200000,0.75,36,32,6,26,68,32,100,0.5294117647058824,0.1875,-26,-0.26,0.42,0.404491922366421,0.6516880337113689,0.0720761654584976,0.3643923098640901,0.3219855393547969,0.5228808042760862,38,2.4342560209333897e-05,SECONDARY_STATISTICAL_EVIDENCE
2,DISCOVERY,200000,200000,1.0,35,33,9,23,68,32,100,0.5147058823529411,0.28125,-24,-0.24,0.44,0.3902981879797207,0.6377919077023989,0.1374569032955017,0.4674710996429345,0.3408360237234582,0.5428125029366824,42,0.0002715392342906,SECONDARY_STATISTICAL_EVIDENCE
2,DISCOVERY,500000,500032,0.0,68,0,0,32,68,32,100,1.0,0.0,0,0.0,0.68,0.9471969572063602,1.0,0.0,0.1088811606793528,0.5792331383683775,0.769780083238423,0,1.0,SECONDARY_STATISTICAL_EVIDENCE
2,DISCOVERY,500000,500032,0.1,6,62,5,27,68,32,100,0.088235294117647,0.15625,-57,-0.57,0.11,0.0330724808896598,0.1822231986679339,0.052750564402134,0.3278787656820417,0.0562070202854874,0.1883011321964425,67,1.4195339782113736e-13,SECONDARY_STATISTICAL_EVIDENCE
2,DISCOVERY,500000,500032,0.25,31,37,10,22,68,32,100,0.4558823529411764,0.3125,-27,-0.27,0.41,0.3345157029289514,0.5812149541040131,0.1611847240882005,0.5000775816321696,0.3126199765675708,0.5128557962332291,47,9.848878492846325e-05,SECONDARY_STATISTICAL_EVIDENCE
2,DISCOVERY,500000,500032,0.5,57,11,25,7,68,32,100,0.8382352941176471,0.78125,14,0.14,0.82,0.7289662248116993,0.916382068729078,0.6002717362878924,0.9072284677152808,0.7305229140331881,0.8896887708467394,36,0.0288167196558788,SECONDARY_STATISTICAL_EVIDENCE
2,DISCOVERY,500000,500032,0.75,65,3,30,2,68,32,100,0.9558823529411764,0.9375,27,0.27,0.95,0.8764373756682212,0.9908078047972126,0.7919305701049926,0.9923392636535436,0.8871650888945373,0.983568120817948,33,1.4011748135089874e-06,SECONDARY_STATISTICAL_EVIDENCE
2,DISCOVERY,500000,500032,1.0,68,0,31,1,68,32,100,1.0,0.96875,31,0.31,0.99,0.9471969572063602,1.0,0.8378290058184884,0.9992091314020476,0.9455406146079194,0.9997468539670226,31,9.313225746154783e-10,SECONDARY_STATISTICAL_EVIDENCE
3,CONFIRMATORY,50000,50048,0.0,68,0,0,32,68,32,100,1.0,0.0,0,0.0,0.68,0.9471969572063602,1.0,0.0,0.1088811606793528,0.5792331383683775,0.769780083238423,0,1.0,SECONDARY_STATISTICAL_EVIDENCE
3,CONFIRMATORY,50000,50048,0.1,8,60,3,29,68,32,100,0.1176470588235294,0.09375,-57,-0.57,0.11,0.0521837446698808,0.2187171057077795,0.0197671801732848,0.2502269506837946,0.0562070202854874,0.1883011321964425,63,9.048317650695026e-15,SECONDARY_STATISTICAL_EVIDENCE
3,CONFIRMATORY,50000,50048,0.25,1,67,1,31,68,32,100,0.0147058823529411,0.03125,-66,-0.66,0.02,0.0003722514028986,0.079233989912788,0.0007908685979525,0.1621709941815115,0.0024313368239425,0.0703839324710701,68,4.675621868843738e-19,SECONDARY_STATISTICAL_EVIDENCE
3,CONFIRMATORY,50000,50048,0.5,1,67,0,32,68,32,100,0.0147058823529411,0.0,-67,-0.67,0.01,0.0003722514028986,0.079233989912788,0.0,0.1088811606793528,0.0002531460329774,0.0544593853920806,67,1.3552527156068804e-20,SECONDARY_STATISTICAL_EVIDENCE
3,CONFIRMATORY,50000,50048,0.75,0,68,0,32,68,32,100,0.0,0.0,-68,-0.68,0.0,0.0,0.0528030427936397,0.0,0.1088811606793528,0.0,0.0362166926451764,68,6.776263578034403e-21,SECONDARY_STATISTICAL_EVIDENCE
3,CONFIRMATORY,50000,50048,1.0,0,68,0,32,68,32,100,0.0,0.0,-68,-0.68,0.0,0.0,0.0528030427936397,0.0,0.1088811606793528,0.0,0.0362166926451764,68,6.776263578034403e-21,SECONDARY_STATISTICAL_EVIDENCE
3,CONFIRMATORY,200000,200000,0.0,68,0,0,32,68,32,100,1.0,0.0,0,0.0,0.68,0.9471969572063602,1.0,0.0,0.1088811606793528,0.5792331383683775,0.769780083238423,0,1.0,SECONDARY_STATISTICAL_EVIDENCE
3,CONFIRMATORY,200000,200000,0.1,13,55,5,27,68,32,100,0.1911764705882352,0.15625,-50,-0.5,0.18,0.1059108836632811,0.3047017553295039,0.052750564402134,0.3278787656820417,0.1103112291532605,0.2694770859668118,60,1.0382663478969434e-11,SECONDARY_STATISTICAL_EVIDENCE
3,CONFIRMATORY,200000,200000,0.25,7,61,0,32,68,32,100,0.1029411764705882,0.0,-61,-0.61,0.07,0.0424004880746123,0.2006652980647758,0.0,0.1088811606793528,0.0286052889074387,0.1389197284558573,61,8.673617379884035e-19,SECONDARY_STATISTICAL_EVIDENCE
3,CONFIRMATORY,200000,200000,0.5,14,54,3,29,68,32,100,0.2058823529411764,0.09375,-51,-0.51,0.17,0.1173799458785184,0.3212378679430364,0.0197671801732848,0.2502269506837946,0.1022649100355282,0.2581754106321586,57,4.290179322907761e-13,SECONDARY_STATISTICAL_EVIDENCE
3,CONFIRMATORY,200000,200000,0.75,19,49,8,24,68,32,100,0.2794117647058823,0.25,-41,-0.41,0.27,0.1773430583725358,0.4014586611137198,0.1146160051025881,0.4340493749222426,0.1860664222907406,0.3680162729089749,57,2.7168525665310913e-08,SECONDARY_STATISTICAL_EVIDENCE
3,CONFIRMATORY,200000,200000,1.0,12,56,6,26,68,32,100,0.1764705882352941,0.1875,-50,-0.5,0.18,0.0946500142452479,0.2879728384407166,0.0720761654584976,0.3643923098640901,0.1103112291532605,0.2694770859668118,62,2.972584851879123e-11,SECONDARY_STATISTICAL_EVIDENCE
3,CONFIRMATORY,500000,500032,0.0,68,0,0,32,68,32,100,1.0,0.0,0,0.0,0.68,0.9471969572063602,1.0,0.0,0.1088811606793528,0.5792331383683775,0.769780083238423,0,1.0,SECONDARY_STATISTICAL_EVIDENCE
3,CONFIRMATORY,500000,500032,0.1,24,44,9,23,68,32,100,0.3529411764705882,0.28125,-35,-0.35,0.33,0.2408384887266293,0.4783018576149584,0.1374569032955017,0.4674710996429345,0.2391985346226018,0.4311727507775632,53,1.220851017613711e-06,SECONDARY_STATISTICAL_EVIDENCE
3,CONFIRMATORY,500000,500032,0.25,20,48,6,26,68,32,100,0.2941176470588235,0.1875,-42,-0.42,0.26,0.1897868559170472,0.417073605309029,0.0720761654584976,0.3643923098640901,0.1773944378676525,0.3573120631001036,54,3.2565301566478407e-09,SECONDARY_STATISTICAL_EVIDENCE
3,CONFIRMATORY,500000,500032,0.5,65,3,27,5,68,32,100,0.9558823529411764,0.84375,24,0.24,0.92,0.8764373756682212,0.9908078047972126,0.6721212343179582,0.947249435597866,0.848442364135579,0.9648284374818372,30,8.430331945419312e-06,SECONDARY_STATISTICAL_EVIDENCE
3,CONFIRMATORY,500000,500032,0.75,68,0,30,2,68,32,100,1.0,0.9375,30,0.3,0.98,0.9471969572063602,1.0,0.7919305701049926,0.9923392636535436,0.92961606752893,0.9975686631760574,30,1.862645149230957e-09,SECONDARY_STATISTICAL_EVIDENCE
3,CONFIRMATORY,500000,500032,1.0,68,0,31,1,68,32,100,1.0,0.96875,31,0.31,0.99,0.9471969572063602,1.0,0.8378290058184884,0.9992091314020476,0.9455406146079194,0.9997468539670226,31,9.313225746154783e-10,SECONDARY_STATISTICAL_EVIDENCE
