split,training_seed,checkpoint_step,status,episodes,initial_states,base_successes,DAWN_successes,PP,PF,FP,FF,preservation_rate,corruption_rate,rescue_rate,unresolved_rate,net_gain,net_gain_pp
heldout,1,500032,PAIRABLE,200,100,156,191,154,2,37,7,0.9871794871794872,0.01282051282051282,0.8409090909090909,0.1590909090909091,35,17.5
heldout,2,500032,PAIRABLE,200,100,156,194,155,1,39,5,0.9935897435897436,0.00641025641025641,0.8863636363636364,0.11363636363636363,38,19.0
heldout,3,500032,PAIRABLE,200,100,156,188,153,3,35,9,0.9807692307692307,0.019230769230769232,0.7954545454545454,0.20454545454545456,32,16.0
dev,1,50048,PAIRABLE,64,32,43,0,0,43,0,21,0.0,1.0,0.0,1.0,-43,-67.1875
dev,1,100032,PAIRABLE,64,32,43,6,6,37,0,21,0.13953488372093023,0.8604651162790697,0.0,1.0,-37,-57.8125
dev,1,200000,PAIRABLE,64,32,43,17,16,27,1,20,0.37209302325581395,0.627906976744186,0.047619047619047616,0.9523809523809523,-26,-40.625
dev,1,350016,PAIRABLE,64,32,43,50,35,8,15,6,0.813953488372093,0.18604651162790697,0.7142857142857143,0.2857142857142857,7,10.9375
dev,1,500032,PAIRABLE,64,32,43,63,43,0,20,1,1.0,0.0,0.9523809523809523,0.047619047619047616,20,31.25
dev,2,50048,PAIRABLE,64,32,43,0,0,43,0,21,0.0,1.0,0.0,1.0,-43,-67.1875
dev,2,100032,PAIRABLE,64,32,43,1,0,43,1,20,0.0,1.0,0.047619047619047616,0.9523809523809523,-42,-65.625
dev,2,200000,PAIRABLE,64,32,43,20,17,26,3,18,0.3953488372093023,0.6046511627906976,0.14285714285714285,0.8571428571428571,-23,-35.9375
dev,2,350016,PAIRABLE,64,32,43,58,42,1,16,5,0.9767441860465116,0.023255813953488372,0.7619047619047619,0.23809523809523808,15,23.4375
dev,2,500032,PAIRABLE,64,32,43,64,43,0,21,0,1.0,0.0,1.0,0.0,21,32.8125
dev,3,50048,PAIRABLE,64,32,43,0,0,43,0,21,0.0,1.0,0.0,1.0,-43,-67.1875
dev,3,100032,PAIRABLE,64,32,43,4,4,39,0,21,0.09302325581395349,0.9069767441860465,0.0,1.0,-39,-60.9375
dev,3,200000,PAIRABLE,64,32,43,22,18,25,4,17,0.4186046511627907,0.5813953488372093,0.19047619047619047,0.8095238095238095,-21,-32.8125
dev,3,350016,PAIRABLE,64,32,43,53,35,8,18,3,0.813953488372093,0.18604651162790697,0.8571428571428571,0.14285714285714285,10,15.625
dev,3,500032,PAIRABLE,64,32,43,64,43,0,21,0,1.0,0.0,1.0,0.0,21,32.8125
