seed,checkpoint,actual_step,PP,PF,FP,FF,Base_success,Base_fail,N,P_pres,P_resc,NetGain,DeltaSR,SR,P_pres_CI_low,P_pres_CI_high,P_resc_CI_low,P_resc_CI_high,SR_CI_low,SR_CI_high,discordant_pairs,exact_mcnemar_p,evidence
1,50000,50048,0,150,0,50,150,50,200,0.0,0.0,-150,-0.75,0.0,0.0,0.0242925971661085,0.0,0.0711217364641976,0.0,0.0182753403551362,150,1.401298464324817e-45,SECONDARY_STATISTICAL_EVIDENCE
1,200000,200000,7,143,4,46,150,50,200,0.0466666666666666,0.08,-139,-0.695,0.055,0.0189655696345775,0.0937858649877965,0.0222279636549297,0.1923427835959627,0.0277722545520065,0.0962776444339128,147,2.152560803356604e-37,SECONDARY_STATISTICAL_EVIDENCE
1,500000,500032,39,111,8,42,150,50,200,0.26,0.16,-103,-0.515,0.235,0.1918758177669577,0.3378567206526616,0.0717007671832861,0.2911263065951108,0.1780707346006876,0.2999618726472491,119,2.539588034083376e-24,SECONDARY_STATISTICAL_EVIDENCE
1,1000000,1000000,112,38,28,22,150,50,200,0.7466666666666667,0.56,-10,-0.05,0.7,0.6692561722903544,0.8140695630923855,0.4125441229416732,0.7000927790724563,0.6313501245409987,0.7626103559245527,66,0.2678116648465871,SECONDARY_STATISTICAL_EVIDENCE
2,50000,50048,0,150,0,50,150,50,200,0.0,0.0,-150,-0.75,0.0,0.0,0.0242925971661085,0.0,0.0711217364641976,0.0,0.0182753403551362,150,1.401298464324817e-45,SECONDARY_STATISTICAL_EVIDENCE
2,200000,200000,5,145,1,49,150,50,200,0.0333333333333333,0.02,-144,-0.72,0.03,0.0109101864689112,0.0760723225373468,0.0005062279830408,0.1064695457114999,0.0110874556722547,0.064150626705027,146,3.29585398809197e-42,SECONDARY_STATISTICAL_EVIDENCE
2,500000,500032,31,119,8,42,150,50,200,0.2066666666666666,0.16,-111,-0.555,0.195,0.1449488163300674,0.2803342891271908,0.0717007671832861,0.2911263065951108,0.1424918747790588,0.2567856875265591,127,1.6869953653078252e-26,SECONDARY_STATISTICAL_EVIDENCE
2,1000000,1000000,42,108,6,44,150,50,200,0.28,0.12,-102,-0.51,0.24,0.2098352688577467,0.359074850048746,0.0453353207736638,0.2431013167055625,0.1825719038924727,0.3053062856471396,114,2.716186451631289e-25,SECONDARY_STATISTICAL_EVIDENCE
3,50000,50048,0,150,0,50,150,50,200,0.0,0.0,-150,-0.75,0.0,0.0,0.0242925971661085,0.0,0.0711217364641976,0.0,0.0182753403551362,150,1.401298464324817e-45,SECONDARY_STATISTICAL_EVIDENCE
3,200000,200000,21,129,2,48,150,50,200,0.14,0.04,-127,-0.635,0.115,0.0887982322564858,0.2060106891365493,0.0048814334261643,0.1371376256039674,0.074313373692297,0.1675469444822539,131,6.3528122822252e-36,SECONDARY_STATISTICAL_EVIDENCE
3,500000,500032,43,107,9,41,150,50,200,0.2866666666666667,0.18,-98,-0.49,0.26,0.2158612708497184,0.366108864325284,0.0857620781096636,0.3143694112856502,0.2006848548763406,0.3265777536571397,116,2.000237426140383e-22,SECONDARY_STATISTICAL_EVIDENCE
3,1000000,1000000,77,73,16,34,150,50,200,0.5133333333333333,0.32,-57,-0.285,0.465,0.4304502154741467,0.5956794266936971,0.1952041946628392,0.4669938401147306,0.3943527352614567,0.5367001422116787,89,7.237363065075456e-10,SECONDARY_STATISTICAL_EVIDENCE
